Болгарские приседания,https://tvoytrener.com/www/yprajnenia/bolgarski_prised.html
Болгарские приседания с резиной,https://tvoytrener.com/www/yprajnenia/bolgarski_rezina.html
Болгарские приседания на TRX,https://tvoytrener.com/www/yprajnenia/trx_bolgarski.html
Выпады с гантелями,https://tvoytrener.com/www/yprajnenia/vipadi_s_gantelymi.html
Выпады со штангой,https://tvoytrener.com/www/yprajnenia/vipadi_so_shtangoi.html
Выпады со штангой в смите,https://tvoytrener.com/www/yprajnenia/vipadi_smit.html
Выпады с сэндбэгом перед собой,https://tvoytrener.com/www/yprajnenia/sandbag_vipadi.html
Выпады с ходьбой,https://tvoytrener.com/www/yprajnenia/vipadi_hotba.html
Выпады на беговой дорожке,https://tvoytrener.com/www/yprajnenia/vipadi_dorojka.html
Выпады в бок,https://tvoytrener.com/www/yprajnenia/vipadi_v_bok.html
Выпады в бок с резиной,https://tvoytrener.com/www/yprajnenia/rezina_vipadi_v_bok.html
Выпады с резиной,https://tvoytrener.com/www/yprajnenia/rezina_vipadi.html
Выпрыгивания со штангой,https://tvoytrener.com/www/yprajnenia/viprigivania_so_stangoi.html
Жим ногами в тренажёре,https://tvoytrener.com/www/yprajnenia/jim_nogami.html
Жим ногами статичный,https://tvoytrener.com/www/yprajnenia/jim_nogami_st.html
Запрыгивания на «козла»,https://tvoytrener.com/www/yprajnenia/zaprigivania_na_kozla.html
Запрыгивания с сэндбэгом,https://tvoytrener.com/www/yprajnenia/sandbag_zaprigivania.html
Зашагивания на подставку с гантелями,https://tvoytrener.com/www/yprajnenia/zashagivania.html
Приседания со штангой,https://tvoytrener.com/www/yprajnenia/prisedania_shtanga2.html
Приседания со штангой в смите,https://tvoytrener.com/www/yprajnenia/prisedania_smit2.html
Приседания с паузой в седе,https://tvoytrener.com/www/yprajnenia/prisedania_sed.html
Приседания с гантелями,https://tvoytrener.com/www/yprajnenia/prisedania_ganteli.html
Приседания с весом между ног,https://tvoytrener.com/www/yprajnenia/prisedania_mejdy_nog.html
Приседание в ГАКК-тренажёре,https://tvoytrener.com/www/yprajnenia/prisedania_gakk_trenajer.html
Приседания со штангой «сумо» (плие),https://tvoytrener.com/www/yprajnenia/prisedania_shtanga3.html
Приседания «сумо» (плие) в смите,https://tvoytrener.com/www/yprajnenia/sumo_smit.html
Приседания на одной ноге,https://tvoytrener.com/www/yprajnenia/prisedania_no_odnoi_noge.html
Приседания со штангой на груди,https://tvoytrener.com/www/yprajnenia/prisedania_shtanga.html
Приседания в Смите с ногами впереди,https://tvoytrener.com/www/yprajnenia/prisedania_smit.html
Приседания с резиной между ног,https://tvoytrener.com/www/yprajnenia/prisedania_rezina.html
Приседания с резиной,https://tvoytrener.com/www/yprajnenia/rezina_prisedania.html
Приседания с сэндбэгом спереди,https://tvoytrener.com/www/yprajnenia/sandbag_prisedania.html
Приседания на одной ноге с TRX,https://tvoytrener.com/www/yprajnenia/trx_prisedania.html
Подъём одной ногой на подставку,https://tvoytrener.com/www/yprajnenia/podem_odnoi_nogoi.html
Приседания на одной ноге с простынёй,https://tvoytrener.com/www/yprajnenia/prostin_prisedania.html
Приседания статичные,https://tvoytrener.com/www/yprajnenia/prisedania_st.html
Приседания между ног статичные,https://tvoytrener.com/www/yprajnenia/mejdy_nog_st.html
Становая тяга стоя на подставке,https://tvoytrener.com/www/yprajnenia/stanovaia_tiaga_podstavka.html
Упражнение «Стульчик»,https://tvoytrener.com/www/yprajnenia/stylchik.html
Приседания назад с фиксацией голени,https://tvoytrener.com/www/yprajnenia/prised_nazad.html
Разгибание ног в тренажёре,https://tvoytrener.com/www/yprajnenia/razgibanie_nog_v_trenajere.html
