ѕодт€гивани€ обратным хв. в гравитроне,https://tvoytrener.com/www/yprajnenia/podtiagivania_obratnim_hvatom_grav.html
“€га к груди с верх. бл. обратным хватом,https://tvoytrener.com/www/yprajnenia/tiaga_s_verhnego_bloka1.html
—гибание рук со штангой сто€,https://tvoytrener.com/www/yprajnenia/sgibanie_ryk_so_shtangoi.html
—гибани€ рук с гантел€ми сид€/сто€,https://tvoytrener.com/www/yprajnenia/bizeps_sidia_poperemenno.html
—гибани€ рук с гантел€ми Ђмолотї,https://tvoytrener.com/www/yprajnenia/biceps_molotok.html
—гибание рук со штангой хватом сверху,https://tvoytrener.com/www/yprajnenia/sgibanie_ryk_so_shtangoi2.html
—гибание рук в тренажЄре,https://tvoytrener.com/www/yprajnenia/biceps_v_trenagere.html
—гибание руки сид€ через колено,https://tvoytrener.com/www/yprajnenia/cherez_koleno.html
—гибание рук на скамье скотта,https://tvoytrener.com/www/yprajnenia/biceps_skotta.html
—гибание рук с гантел€ми сид€ под углом,https://tvoytrener.com/www/yprajnenia/bizeps_sidia.html
—гибание рук с нижнего блока,https://tvoytrener.com/www/yprajnenia/bizeps_v_krossovere2.html
—гибание рук с EZ грифом,https://tvoytrener.com/www/yprajnenia/bizeps_ez.html
—гибание рук с верх. блока в кроссовере,https://tvoytrener.com/www/yprajnenia/bizeps_v_krossovere.html
—гибани€ рук с резиной сто€,https://tvoytrener.com/www/yprajnenia/sgibanie_ryk_rezina.html
—гибание руки с резиной сверху,https://tvoytrener.com/www/yprajnenia/rezina_biceps.html
—гибание рук с резиной хватом сверху,https://tvoytrener.com/www/yprajnenia/rezina_sgibanie_ryk.html
—гибание руки через колено с резиной,https://tvoytrener.com/www/yprajnenia/rezina_cherez_koleno.html
—гибание рук с резиной Ђмолотї,https://tvoytrener.com/www/yprajnenia/rezina_molotok.html
—гибани€ рук с сэндбэгом,https://tvoytrener.com/www/yprajnenia/sandbag_biceps.html
—гибани€ рук на TRX-петл€х,https://tvoytrener.com/www/yprajnenia/trx_sgibanie_ryk.html
—гибани€ рук на простыне,https://tvoytrener.com/www/yprajnenia/prostin_sgibanie_ryk.html
—гибание рук Ђмолотї на TRX,https://tvoytrener.com/www/yprajnenia/trx_molotok.html
—гибание одной руки на TRX,https://tvoytrener.com/www/yprajnenia/trx_biceps.html
—гибание одной руки на простыне,https://tvoytrener.com/www/yprajnenia/prostin_biceps.html
—гибание рук Ђмолотї на простыне,https://tvoytrener.com/www/yprajnenia/prostin_molotok.html
—гибание рук с верхнего блока за голову,https://tvoytrener.com/www/yprajnenia/bizeps_za_golovy.html
—гибани€ рук статичные,https://tvoytrener.com/www/yprajnenia/sgibanie_ryk_st.html
