Жим штанги лёжа классический,https://tvoytrener.com/www/yprajnenia/jim_leja.html
Жим лёжа широким хватом в смите,https://tvoytrener.com/www/yprajnenia/jim_leja_smit.html
Жим гантелями лёжа под углом вверх,https://tvoytrener.com/www/yprajnenia/jim_gantelei_vverh.html
Жим в грудном тренажёре сидя,https://tvoytrener.com/www/yprajnenia/jim_v_trenajere.html
Жим гантелей лёжа,https://tvoytrener.com/www/yprajnenia/jim_gantelei_lega.html
Жим штанги лёжа под углом вверх,https://tvoytrener.com/www/yprajnenia/jim_leja_pod_yglom.html
Жим лёжа под углом вверх в смите,https://tvoytrener.com/www/yprajnenia/pod_yglom_smit.html
Жим штанги лёжа узким хватом,https://tvoytrener.com/www/yprajnenia/jim_leja_uzkim_hvatom.html
Жим лёжа узким хватом в смите,https://tvoytrener.com/www/yprajnenia/uzkim_hvatom_smit.html
Жим штанги лёжа под углом вниз,https://tvoytrener.com/www/yprajnenia/jim_leja_vniz_golovoi.html
Жим гантелями лёжа под углом вниз,https://tvoytrener.com/www/yprajnenia/jim_leja_vniz_golovoi2.html
Жим перед собой с резиной,https://tvoytrener.com/www/yprajnenia/rezina_jim.html
Жим перед собой статичный,https://tvoytrener.com/www/yprajnenia/jim_st.html
Отжимания узким хватом от пола,https://tvoytrener.com/www/yprajnenia/otjimaniy_ot_pola2.html
Отжимания от пола широким хватом,https://tvoytrener.com/www/yprajnenia/otjimaniy_ot_pola.html
Отжимания от брусьев,https://tvoytrener.com/www/yprajnenia/otjimania_ot_brysiev.html
Отжимания от брусьев в гравитроне,https://tvoytrener.com/www/yprajnenia/otjimania_ot_brysiev_grav.html
Отжимания широким хватом от лавки,https://tvoytrener.com/www/yprajnenia/otjimaniy_ot_lavki.html
Отжимания от брусьев горизонтально,https://tvoytrener.com/www/yprajnenia/otjimaniy_ot_brusiev.html
Отжимания от лент / петель,https://tvoytrener.com/www/yprajnenia/otjimaniy_ot_lent.html
Отжимания от пола с хлопками,https://tvoytrener.com/www/yprajnenia/otjimaniy_hlopki.html
Отжимания от пола узким хв. с резиной,https://tvoytrener.com/www/yprajnenia/rezina_otjimaniy.html
Отжимания от пола широким хв. с резиной,https://tvoytrener.com/www/yprajnenia/rezina_otjimaniy_ot_pola.html
Отжимания на TRX узким хватом,https://tvoytrener.com/www/yprajnenia/trx_otjimaniy_uzko.html
Отжимания на TRX широким хватом,https://tvoytrener.com/www/yprajnenia/otjimaniy_ot_trx.html
Отжимания от простыни широким хватом,https://tvoytrener.com/www/yprajnenia/prostin_otjimaniy.html
Отжимания от простыни узким хватом,https://tvoytrener.com/www/yprajnenia/prostin_otjimaniy_uzko.html
Отжимания от пола статичные,https://tvoytrener.com/www/yprajnenia/otjimaniy_ot_pola_st.html
Сведение рук в упоре лёжа,https://tvoytrener.com/www/yprajnenia/svedenie_lega.html
Упражнение «Гильотина»,https://tvoytrener.com/www/yprajnenia/giliotina.html
Приведение руки с резиной,https://tvoytrener.com/www/yprajnenia/rezina_svedenie2.html
Разводы с гантелями лёжа,https://tvoytrener.com/www/yprajnenia/pazvodi_ganteli_gorizontalno.html
Разводы с гантелями под углом вверх,https://tvoytrener.com/www/yprajnenia/pazvodi_ganteli.html
Сведение рук в тренажёре «бабочка»,https://tvoytrener.com/www/yprajnenia/svedenie_ryk.html
Сведение рук с верхнего блока,https://tvoytrener.com/www/yprajnenia/svedenie_ryk2.html
Сведение рук в кроссовере лёжа,https://tvoytrener.com/www/yprajnenia/svedenie_ryk3.html
Сведение рук с нижнего блока,https://tvoytrener.com/www/yprajnenia/svedenie_ryk_v_krossovere.html
Сведение рук с резиной стоя,https://tvoytrener.com/www/yprajnenia/rezina_svedenie.html
Сведение рук на TRX,https://tvoytrener.com/www/yprajnenia/trx_svedenie.html
Сведение рук на простыне,https://tvoytrener.com/www/yprajnenia/prostin_svedenie.html
Сведение рук перед собой статичное,https://tvoytrener.com/www/yprajnenia/svedenie_ryk_st.html
