Ѕоковые подт€гивани€ на простыне,https://tvoytrener.com/www/yprajnenia/prostin_bokovie.html
Ѕоковые подт€гивани€ на TRX,https://tvoytrener.com/www/yprajnenia/trx_bokovie.html
ѕодт€гивани€ широким хватом к груди,https://tvoytrener.com/www/yprajnenia/podtiagivania_shiroko.html
ѕодт€гивани€ широким хв. в гравитроне,https://tvoytrener.com/www/yprajnenia/podtiagivania_shiroko_grav.html
ѕодт€гивани€ за голову широким хватом,https://tvoytrener.com/www/yprajnenia/podtiagivania_shiroko2.html
ѕодт€гивани€ на лентах / петл€х,https://tvoytrener.com/www/yprajnenia/podtiagivanie_liamki.html
ѕодт€гивани€ на брусь€х с ногами,https://tvoytrener.com/www/yprajnenia/podtiagivanie_brysia2.html
ѕодт€гивани€ вертикальные на TRX,https://tvoytrener.com/www/yprajnenia/trx_podtiagivania.html
ѕодт€гивани€ лЄжа на полу,https://tvoytrener.com/www/yprajnenia/podtiagivania_lega.html
ѕодт€гивани€ на брусь€х,https://tvoytrener.com/www/yprajnenia/podtiagivanie_brysia.html
ѕодт€гивани€ узким хватом,https://tvoytrener.com/www/yprajnenia/podtiagivania_yzko.html
ѕодт€гивани€ в машине смита,https://tvoytrener.com/www/yprajnenia/podtiagivanie_smit.html
ѕодт€гивани€ обратным хватом,https://tvoytrener.com/www/yprajnenia/podtiagivania_obratnim_hvatom.html
ѕодт€гивани€ обратным хв. в гравитроне,https://tvoytrener.com/www/yprajnenia/podtiagivania_obratnim_hvatom_grav.html
ѕодт€гивани€ на простыне,https://tvoytrener.com/www/yprajnenia/prostin_podtiagivania.html
–ычажна€ т€га в тренажЄре,https://tvoytrener.com/www/yprajnenia/richajnaia_tiaga.html
“€га за голову с верхнего блока,https://tvoytrener.com/www/yprajnenia/tiaga_s_verhnego_bloka2.html
“€га горизонтального блока,https://tvoytrener.com/www/yprajnenia/tiaga_gorizontalnogo_bloka.html
“€га гантелей в наклоне,https://tvoytrener.com/www/yprajnenia/tiaga_ganteli2.html
“€га штанги в наклоне,https://tvoytrener.com/www/yprajnenia/tiaga_shtangi_v_naklone.html
“€га штанги в наклоне в смите,https://tvoytrener.com/www/yprajnenia/tiaga_v_naklone_smit.html
“€га к груди с верх. блока широким хватом,https://tvoytrener.com/www/yprajnenia/tiaga_s_verhnego_bloka.html
“€га к груди с верх. бл. обратным хватом,https://tvoytrener.com/www/yprajnenia/tiaga_s_verhnego_bloka1.html
“€га с верхнего блока узким хватом,https://tvoytrener.com/www/yprajnenia/tiaga_s_verhnego_bloka3.html
“€га одной гантели в наклоне,https://tvoytrener.com/www/yprajnenia/tiaga_ganteli.html
“€га одной рукой в наклоне в смите,https://tvoytrener.com/www/yprajnenia/tiaga_smit.html
“€га “-грифа в наклоне,https://tvoytrener.com/www/yprajnenia/tiaga_v_naklone.html
“€га “-грифа лЄжа,https://tvoytrener.com/www/yprajnenia/tiaga_leja.html
“€га рычажна€ вертикальна€,https://tvoytrener.com/www/yprajnenia/tiaga_richajnaia.html
“€га гантелей лЄжа,https://tvoytrener.com/www/yprajnenia/tiaga_gantelei_leja.html
“€га в наклоне с нижнего блока,https://tvoytrener.com/www/yprajnenia/tiaga_v_naklone2.html
“€га лЄжа с нижнего блока,https://tvoytrener.com/www/yprajnenia/tiaga_lega.html
“€га в наклоне с резиной,https://tvoytrener.com/www/yprajnenia/tiaga_naklon_petli.html
“€га одной рукой в наклоне с резиной,https://tvoytrener.com/www/yprajnenia/rezina_tiaga_ganteli.html
“€га резины снизу в наклоне,https://tvoytrener.com/www/yprajnenia/rezina_tiaga_v_naklone.html
“€га горизонтальна€ с резиной,https://tvoytrener.com/www/yprajnenia/rezina_gorizontalno.html
“€га горизонтальна€ с резиной сто€,https://tvoytrener.com/www/yprajnenia/rezina_gorizontalno_st.html
“€га сэндбэга в наклоне,https://tvoytrener.com/www/yprajnenia/sandbag_tiaga.html
“€га горизонтальна€ с полотенцем,https://tvoytrener.com/www/yprajnenia/polotence_gorizontalno.html
“€га горизонтальна€ статична€,https://tvoytrener.com/www/yprajnenia/tiaga_gorizont_st.html
ѕуловер на TRX-петл€х,https://tvoytrener.com/www/yprajnenia/trx_pylover.html
ѕуловер на простыне,https://tvoytrener.com/www/yprajnenia/prostin_pylover.html
ѕриведение локтей в кроссовере,https://tvoytrener.com/www/yprajnenia/privedenie_loktei.html
ѕуловер с гантелей лЄжа,https://tvoytrener.com/www/yprajnenia/pylover_s_gantelei.html
ѕуловер лЄжа со штангой,https://tvoytrener.com/www/yprajnenia/pylover_so_shtangoi.html
ѕуловер лЄжа с резиной,https://tvoytrener.com/www/yprajnenia/rezina_pylover.html
“€га с верхнего блока на пр€мых руках,https://tvoytrener.com/www/yprajnenia/tiaga_s_verhnego_bloka4.html
“€га резины сверху на пр€мых руках,https://tvoytrener.com/www/yprajnenia/rezina_tiaga.html
